#SampleID,BarcodeSequence,LibraryNumber ,Direction,LibraryName,ProjectName,Species,Description
A1 ,CTGGATAA,1,p,"NG-14131_2017_0039_lib220353_5646_2_1.fastq,NG-14131_2017_0039_lib220353_5646_2_2.fastq",EAF001_150_06minPerT,Donkey,A1 
A2,ATAAGGTC,1,p,"NG-14131_2017_0039_lib220353_5646_2_1.fastq,NG-14131_2017_0039_lib220353_5646_2_2.fastq",EAF001_150_06minPerT,Donkey,A2
A3,AATAAGGA,1,p,"NG-14131_2017_0039_lib220353_5646_2_1.fastq,NG-14131_2017_0039_lib220353_5646_2_2.fastq",EAF001_150_06minPerT,Donkey,A3
A4,TACTTATC,1,p,"NG-14131_2017_0039_lib220353_5646_2_1.fastq,NG-14131_2017_0039_lib220353_5646_2_2.fastq",EAF001_150_06minPerT,Donkey,A4
A5,ATCTCAGT,1,p,"NG-14131_2017_0039_lib220353_5646_2_1.fastq,NG-14131_2017_0039_lib220353_5646_2_2.fastq",EAF001_150_06minPerT,Donkey,A5
A6,GTCAACGT,1,p,"NG-14131_2017_0039_lib220353_5646_2_1.fastq,NG-14131_2017_0039_lib220353_5646_2_2.fastq",EAF001_150_06minPerT,Donkey,A6
A7,ATGTTCCA,1,p,"NG-14131_2017_0039_lib220353_5646_2_1.fastq,NG-14131_2017_0039_lib220353_5646_2_2.fastq",EAF001_150_06minPerT,Donkey,A7
A8,CGTCTGAG,1,p,"NG-14131_2017_0039_lib220353_5646_2_1.fastq,NG-14131_2017_0039_lib220353_5646_2_2.fastq",EAF001_150_06minPerT,Donkey,A8
A9,CCAAGTCA,1,p,"NG-14131_2017_0039_lib220353_5646_2_1.fastq,NG-14131_2017_0039_lib220353_5646_2_2.fastq",EAF001_150_06minPerT,Pony,A9
A10,GGAGTATG,1,p,"NG-14131_2017_0039_lib220353_5646_2_1.fastq,NG-14131_2017_0039_lib220353_5646_2_2.fastq",EAF001_150_06minPerT,Pony,A10
A11,TGGTTGAC,1,p,"NG-14131_2017_0039_lib220353_5646_2_1.fastq,NG-14131_2017_0039_lib220353_5646_2_2.fastq",EAF001_150_06minPerT,Pony,A11
A12,GCCTCATC,1,p,"NG-14131_2017_0039_lib220353_5646_2_1.fastq,NG-14131_2017_0039_lib220353_5646_2_2.fastq",EAF001_150_06minPerT,Pony,A12
A13,TTCTGAAC,1,p,"NG-14131_2017_0039_lib220353_5646_2_1.fastq,NG-14131_2017_0039_lib220353_5646_2_2.fastq",EAF001_150_06minPerT,Pony,A13
A14,GAGTTCAT,1,p,"NG-14131_2017_0039_lib220353_5646_2_1.fastq,NG-14131_2017_0039_lib220353_5646_2_2.fastq",EAF001_150_06minPerT,Pony,A14
A15,CTTCATGG,1,p,"NG-14131_2017_0039_lib220353_5646_2_1.fastq,NG-14131_2017_0039_lib220353_5646_2_2.fastq",EAF001_150_06minPerT,Pony,A15
A16,AGAGATAA,1,p,"NG-14131_2017_0039_lib220353_5646_2_1.fastq,NG-14131_2017_0039_lib220353_5646_2_2.fastq",EAF001_150_06minPerT,Pony,A16
A17,GGTCAGAT,1,p,"NG-14131_2017_0039_lib220353_5646_2_1.fastq,NG-14131_2017_0039_lib220353_5646_2_2.fastq",EAF001_150_06minPerT,Hybrid,A17
A18,CGACCGCG,1,p,"NG-14131_2017_0039_lib220353_5646_2_1.fastq,NG-14131_2017_0039_lib220353_5646_2_2.fastq",EAF001_150_06minPerT,Hybrid,A18
A19,CGTCCTCC,1,p,"NG-14131_2017_0039_lib220353_5646_2_1.fastq,NG-14131_2017_0039_lib220353_5646_2_2.fastq",EAF001_150_06minPerT,Hybrid,A19
A20,CGCGCCAG,1,p,"NG-14131_2017_0039_lib220353_5646_2_1.fastq,NG-14131_2017_0039_lib220353_5646_2_2.fastq",EAF001_150_06minPerT,Hybrid,A20
A21,TAATACGT,1,p,"NG-14131_2017_0039_lib220353_5646_2_1.fastq,NG-14131_2017_0039_lib220353_5646_2_2.fastq",EAF001_150_06minPerT,Hybrid,A21
A22,GGCCAGTA,1,p,"NG-14131_2017_0039_lib220353_5646_2_1.fastq,NG-14131_2017_0039_lib220353_5646_2_2.fastq",EAF001_150_06minPerT,Hybrid,A22
A23,CTGAGTTC,1,p,"NG-14131_2017_0039_lib220353_5646_2_1.fastq,NG-14131_2017_0039_lib220353_5646_2_2.fastq",EAF001_150_06minPerT,Hybrid,A23
A24,TCTCTACC,1,p,"NG-14131_2017_0039_lib220353_5646_2_1.fastq,NG-14131_2017_0039_lib220353_5646_2_2.fastq",EAF001_150_06minPerT,Hybrid,A24
